<package>
  <description brief="chapter3_tutorials">

     chapter3_tutorials

  </description>
  <author>Enrique</author>
  <license>BSD</license>
  <review status="unreviewed" notes=""/>
  <url>http://ros.org/wiki/chapter3_tutorials</url>
  <depend package="std_msgs"/>
  <depend package="geometry_msgs"/>
  <depend package="sensor_msgs"/>
  <depend package="visualization_msgs"/>
  <depend package="rospy"/>
  <depend package="roscpp"/>
  <depend package="opencv2"/>
  <depend package="cv_bridge"/>
  <depend package="image_transport"/>
  <depend package="pcl"/>
  <depend package="pcl_ros"/>

</package>


